,DailyCases,Deceased,Hospitalised,InIntensiveCareUnit,RequiresOxygenSupplementation,DailyHospitalised,DailyICU,DailyOxygen,SeverityRate(%),Daily Discharged,Daily Recovery,people_vaccinated,population,people_fully_vaccinated,FirstDose(%),SecondDose(%)
2020-01-23,1.0,,,,,0.0,0.0,0.0,0.0,,,,5896684.0,,,
2020-01-24,2.0,,,,,0.0,0.0,0.0,0.0,,,,5896684.0,,,
2020-01-25,0.0,,,,,0.0,0.0,0.0,,0.0,0.0,,5896684.0,,,
2020-01-26,1.0,,,,,0.0,0.0,0.0,0.0,0.0,0.0,,5896684.0,,,
2020-01-27,1.0,,,,,0.0,0.0,0.0,0.0,0.0,0.0,,5896684.0,,,
2020-01-28,2.0,,,,,0.0,0.0,0.0,0.0,0.0,0.0,,5896684.0,,,
2020-01-29,0.0,,,,,0.0,0.0,0.0,,0.0,0.0,,5896684.0,,,
2020-01-30,3.0,,,,,0.0,0.0,0.0,0.0,0.0,0.0,,5896684.0,,,
2020-01-31,3.0,,,,,0.0,0.0,0.0,0.0,0.0,0.0,,5896684.0,,,
2020-02-01,3.0,,,,,0.0,0.0,0.0,0.0,0.0,0.0,,5896684.0,,,
2020-02-02,2.0,,,,,0.0,0.0,0.0,0.0,0.0,0.0,,5896684.0,,,
2020-02-03,0.0,,,,,0.0,0.0,0.0,,0.0,0.0,,5896684.0,,,
2020-02-04,6.0,,,,,0.0,0.0,0.0,0.0,1.0,0.0,,5896684.0,,,
2020-02-05,4.0,,,,,0.0,0.0,0.0,0.0,0.0,0.0,,5896684.0,,,
2020-02-06,0.0,,,,,0.0,0.0,0.0,,0.0,0.0,,5896684.0,,,
2020-02-07,2.0,,,,,0.0,0.0,0.0,0.0,1.0,0.0,,5896684.0,,,
2020-02-08,3.0,,,,,0.0,0.0,0.0,0.0,0.0,0.0,,5896684.0,,,
2020-02-09,7.0,,,,,0.0,0.0,0.0,0.0,4.0,1.0,,5896684.0,,,
2020-02-10,5.0,,,,,0.0,0.0,0.0,0.0,1.0,0.0,,5896684.0,,,
2020-02-11,2.0,,,,,0.0,0.0,0.0,0.0,2.0,0.0,,5896684.0,,,
2020-02-12,3.0,,,,,0.0,0.0,0.0,0.0,6.0,3.0,,5896684.0,,,
2020-02-13,8.0,,,,,0.0,0.0,0.0,0.0,0.0,0.0,,5896684.0,,,
2020-02-14,9.0,,,,,0.0,0.0,0.0,0.0,2.0,0.0,,5896684.0,,,
2020-02-15,5.0,,,,,0.0,0.0,0.0,0.0,1.0,0.0,,5896684.0,,,
2020-02-16,3.0,,,,,0.0,0.0,0.0,0.0,1.0,0.0,,5896684.0,,,
2020-02-17,2.0,,,,,0.0,0.0,0.0,0.0,5.0,3.0,,5896684.0,,,
2020-02-18,4.0,,,,,0.0,0.0,0.0,0.0,5.0,1.0,,5896684.0,,,
2020-02-19,3.0,,,,,0.0,0.0,0.0,0.0,5.0,2.0,,5896684.0,,,
2020-02-20,0.0,,,,,0.0,0.0,0.0,,3.0,2.0,,5896684.0,,,
2020-02-21,1.0,,,,,0.0,0.0,0.0,0.0,10.0,9.0,,5896684.0,,,
2020-02-22,0.0,,,,,0.0,0.0,0.0,,2.0,0.0,,5896684.0,,,
2020-02-23,4.0,,,,,0.0,0.0,0.0,0.0,2.0,2.0,,5896684.0,,,
2020-02-24,0.0,,,,,0.0,0.0,0.0,,2.0,1.0,,5896684.0,,,
2020-02-25,2.0,,,,,0.0,0.0,0.0,0.0,5.0,4.0,,5896684.0,,,
2020-02-26,2.0,,,,,0.0,0.0,0.0,0.0,4.0,2.0,,5896684.0,,,
2020-02-27,0.0,,,,,0.0,0.0,0.0,,4.0,1.0,,5896684.0,,,
2020-02-28,0.0,,,,,0.0,0.0,0.0,,3.0,1.0,,5896684.0,,,
2020-02-29,9.0,,,,,0.0,0.0,0.0,0.0,3.0,0.0,,5896684.0,,,
2020-03-01,4.0,,,,,0.0,0.0,0.0,0.0,2.0,0.0,,5896684.0,,,
2020-03-02,2.0,,,,,0.0,0.0,0.0,0.0,4.0,2.0,,5896684.0,,,
2020-03-03,2.0,,,,,0.0,0.0,0.0,0.0,0.0,0.0,,5896684.0,,,
2020-03-04,0.0,,,,,0.0,0.0,0.0,,1.0,0.0,,5896684.0,,,
2020-03-05,7.0,,,,,0.0,0.0,0.0,0.0,2.0,0.0,,5896684.0,,,
2020-03-06,13.0,,,,,0.0,0.0,0.0,0.0,1.0,0.0,,5896684.0,,,
2020-03-07,8.0,,,,,0.0,0.0,0.0,0.0,8.0,0.0,,5896684.0,,,
2020-03-08,12.0,,,,,0.0,0.0,0.0,0.0,0.0,0.0,,5896684.0,,,
2020-03-09,0.0,,,,,0.0,0.0,0.0,,3.0,0.0,,5896684.0,,,
2020-03-10,10.0,,,,,0.0,0.0,0.0,0.0,0.0,0.0,,5896684.0,,,
2020-03-11,18.0,,,,,0.0,0.0,0.0,0.0,3.0,0.0,,5896684.0,,,
2020-03-12,0.0,,,,,0.0,0.0,0.0,,0.0,0.0,,5896684.0,,,
2020-03-13,22.0,,,,,0.0,0.0,0.0,0.0,1.0,0.0,,5896684.0,,,
2020-03-14,12.0,,,,,0.0,0.0,0.0,0.0,8.0,0.0,,5896684.0,,,
2020-03-15,14.0,,,,,0.0,0.0,0.0,0.0,0.0,0.0,,5896684.0,,,
2020-03-16,17.0,,,,,0.0,0.0,0.0,0.0,4.0,0.0,,5896684.0,,,
2020-03-17,23.0,,,,,0.0,0.0,0.0,0.0,5.0,0.0,,5896684.0,,,
2020-03-18,47.0,,,,,0.0,0.0,0.0,0.0,3.0,0.0,,5896684.0,,,
2020-03-19,32.0,,,,,0.0,0.0,0.0,0.0,7.0,0.0,,5896684.0,,,
2020-03-20,40.0,,,,,0.0,0.0,0.0,0.0,7.0,0.0,,5896684.0,,,
2020-03-21,47.0,,,,,0.0,0.0,0.0,0.0,9.0,0.0,,5896684.0,,,
2020-03-22,23.0,,,,,0.0,0.0,0.0,0.0,4.0,0.0,,5896684.0,,,
2020-03-23,54.0,,,,,0.0,0.0,0.0,0.0,8.0,0.0,,5896684.0,,,
2020-03-24,49.0,,,,,0.0,0.0,0.0,0.0,3.0,0.0,,5896684.0,,,
2020-03-25,73.0,,,,,0.0,0.0,0.0,0.0,5.0,0.0,,5896684.0,,,
2020-03-26,52.0,,,,,0.0,0.0,0.0,0.0,12.0,0.0,,5896684.0,,,
2020-03-27,49.0,,,,,0.0,0.0,0.0,0.0,11.0,0.0,,5896684.0,,,
2020-03-28,70.0,,,,,0.0,0.0,0.0,0.0,15.0,0.0,,5896684.0,,,
2020-03-29,42.0,,,,,0.0,0.0,0.0,0.0,14.0,0.0,,5896684.0,,,
2020-03-30,35.0,,,,,0.0,0.0,0.0,0.0,16.0,0.0,,5896684.0,,,
2020-03-31,47.0,,,,,0.0,0.0,0.0,0.0,12.0,0.0,,5896684.0,,,
2020-04-01,74.0,,,,,0.0,0.0,0.0,0.0,5.0,0.0,,5896684.0,,,
2020-04-02,49.0,,,,,0.0,0.0,0.0,0.0,21.0,0.0,,5896684.0,,,
2020-04-03,65.0,,,,,0.0,0.0,0.0,0.0,16.0,0.0,,5896684.0,,,
2020-04-04,75.0,,,,,0.0,0.0,0.0,0.0,15.0,0.0,,5896684.0,,,
2020-04-05,120.0,,,,,0.0,0.0,0.0,0.0,23.0,0.0,,5896684.0,,,
2020-04-06,66.0,,,,,0.0,0.0,0.0,0.0,24.0,0.0,,5896684.0,,,
2020-04-07,106.0,,,,,0.0,0.0,0.0,0.0,33.0,0.0,,5896684.0,,,
2020-04-08,142.0,,,,,0.0,0.0,0.0,0.0,29.0,0.0,,5896684.0,,,
2020-04-09,287.0,,,,,0.0,0.0,0.0,0.0,54.0,0.0,,5896684.0,,,
2020-04-10,198.0,,,,,0.0,0.0,0.0,0.0,32.0,0.0,,5896684.0,,,
2020-04-11,191.0,,,,,0.0,0.0,0.0,0.0,35.0,0.0,,5896684.0,,,
2020-04-12,233.0,,,,,0.0,0.0,0.0,0.0,32.0,0.0,,5896684.0,,,
2020-04-13,386.0,,,,,0.0,0.0,0.0,0.0,26.0,0.0,,5896684.0,,,
2020-04-14,334.0,,,,,0.0,0.0,0.0,0.0,25.0,0.0,,5896684.0,,,
2020-04-15,447.0,,,,,0.0,0.0,0.0,0.0,41.0,0.0,,5896684.0,,,
2020-04-16,728.0,,,,,0.0,0.0,0.0,0.0,31.0,0.0,,5896684.0,,,
2020-04-17,623.0,,,,,0.0,0.0,0.0,0.0,25.0,0.0,,5896684.0,,,
2020-04-18,942.0,,,,,0.0,0.0,0.0,0.0,38.0,0.0,,5896684.0,,,
2020-04-19,596.0,,,,,0.0,0.0,0.0,0.0,26.0,0.0,,5896684.0,,,
2020-04-20,1426.0,,,,,0.0,0.0,0.0,0.0,33.0,0.0,,5896684.0,,,
2020-04-21,1111.0,,,,,0.0,0.0,0.0,0.0,39.0,0.0,,5896684.0,,,
2020-04-22,1016.0,,,,,0.0,0.0,0.0,0.0,57.0,0.0,,5896684.0,,,
2020-04-23,1037.0,,,,,0.0,0.0,0.0,0.0,36.0,0.0,,5896684.0,,,
2020-04-24,897.0,,,,,0.0,0.0,0.0,0.0,38.0,0.0,,5896684.0,,,
2020-04-25,618.0,,,,,0.0,0.0,0.0,0.0,46.0,0.0,,5896684.0,,,
2020-04-26,931.0,,,,,0.0,0.0,0.0,0.0,58.0,0.0,,5896684.0,,,
2020-04-27,799.0,,,,,0.0,0.0,0.0,0.0,35.0,0.0,,5896684.0,,,
2020-04-28,528.0,,,,,0.0,0.0,0.0,0.0,33.0,0.0,,5896684.0,,,
2020-04-29,690.0,,,,,0.0,0.0,0.0,0.0,62.0,0.0,,5896684.0,,,
2020-04-30,528.0,,,,,0.0,0.0,0.0,0.0,56.0,0.0,,5896684.0,,,
2020-05-01,932.0,,,,,0.0,0.0,0.0,0.0,24.0,0.0,,5896684.0,,,
2020-05-02,447.0,,,,,0.0,0.0,0.0,0.0,79.0,0.0,,5896684.0,,,
2020-05-03,657.0,,,,,0.0,0.0,0.0,0.0,61.0,0.0,,5896684.0,,,
2020-05-04,573.0,,,,,0.0,0.0,0.0,0.0,49.0,0.0,,5896684.0,,,
2020-05-05,632.0,,,,,0.0,0.0,0.0,0.0,62.0,0.0,,5896684.0,,,
2020-05-06,788.0,,,,,0.0,0.0,0.0,0.0,115.0,0.0,,5896684.0,,,
2020-05-07,741.0,,,,,0.0,0.0,0.0,0.0,78.0,0.0,,5896684.0,,,
2020-05-08,768.0,,,,,0.0,0.0,0.0,0.0,328.0,0.0,,5896684.0,,,
2020-05-09,753.0,,,,,0.0,0.0,0.0,0.0,256.0,0.0,,5896684.0,,,
2020-05-10,876.0,,,,,0.0,0.0,0.0,0.0,425.0,0.0,,5896684.0,,,
2020-05-11,486.0,,,,,0.0,0.0,0.0,0.0,504.0,18.0,,5896684.0,,,
2020-05-12,849.0,,,,,0.0,0.0,0.0,0.0,626.0,0.0,,5896684.0,,,
2020-05-13,675.0,,,,,0.0,0.0,0.0,0.0,958.0,283.0,,5896684.0,,,
2020-05-14,752.0,,,,,0.0,0.0,0.0,0.0,1164.0,412.0,,5896684.0,,,
2020-05-15,793.0,,,,,0.0,0.0,0.0,0.0,1275.0,482.0,,5896684.0,,,
2020-05-16,465.0,,,,,0.0,0.0,0.0,0.0,1094.0,629.0,,5896684.0,,,
2020-05-17,682.0,,,,,0.0,0.0,0.0,0.0,998.0,316.0,,5896684.0,,,
2020-05-18,305.0,,,,,0.0,0.0,0.0,0.0,495.0,190.0,,5896684.0,,,
2020-05-19,451.0,,,,,0.0,0.0,0.0,0.0,530.0,79.0,,5896684.0,,,
2020-05-20,570.0,,,,,0.0,0.0,0.0,0.0,842.0,272.0,,5896684.0,,,
2020-05-21,448.0,,,,,0.0,0.0,0.0,0.0,910.0,462.0,,5896684.0,,,
2020-05-22,614.0,,,,,0.0,0.0,0.0,0.0,838.0,224.0,,5896684.0,,,
2020-05-23,642.0,,,,,0.0,0.0,0.0,0.0,927.0,285.0,,5896684.0,,,
2020-05-24,548.0,,,,,0.0,0.0,0.0,0.0,994.0,446.0,,5896684.0,,,
2020-05-25,344.0,,,,,0.0,0.0,0.0,0.0,862.0,518.0,,5896684.0,,,
2020-05-26,383.0,,,,,0.0,0.0,0.0,0.0,706.0,323.0,,5896684.0,,,
2020-05-27,533.0,,,,,0.0,0.0,0.0,0.0,832.0,299.0,,5896684.0,,,
2020-05-28,373.0,,,,,0.0,0.0,0.0,0.0,1018.0,645.0,,5896684.0,,,
2020-05-29,611.0,,,,,0.0,0.0,0.0,0.0,1337.0,726.0,,5896684.0,,,
2020-05-30,506.0,,,,,0.0,0.0,0.0,0.0,1096.0,590.0,,5896684.0,,,
2020-05-31,518.0,,,,,0.0,0.0,0.0,0.0,972.0,454.0,,5896684.0,,,
2020-06-01,408.0,,,,,0.0,0.0,0.0,0.0,767.0,359.0,,5896684.0,,,
2020-06-02,544.0,,,,,0.0,0.0,0.0,0.0,709.0,165.0,,5896684.0,,,
2020-06-03,569.0,,,,,0.0,0.0,0.0,0.0,407.0,0.0,,5896684.0,,,
2020-06-04,517.0,,,,,0.0,0.0,0.0,0.0,322.0,0.0,,5896684.0,,,
2020-06-05,261.0,,,,,0.0,0.0,0.0,0.0,305.0,44.0,,5896684.0,,,
2020-06-06,344.0,,,,,0.0,0.0,0.0,0.0,350.0,6.0,,5896684.0,,,
2020-06-07,383.0,,,,,0.0,0.0,0.0,0.0,327.0,0.0,,5896684.0,,,
2020-06-08,386.0,,,,,0.0,0.0,0.0,0.0,482.0,96.0,,5896684.0,,,
2020-06-09,218.0,,,,,0.0,0.0,0.0,0.0,509.0,291.0,,5896684.0,,,
2020-06-10,451.0,,,,,0.0,0.0,0.0,0.0,655.0,204.0,,5896684.0,,,
2020-06-11,422.0,,,,,0.0,0.0,0.0,0.0,754.0,332.0,,5896684.0,,,
2020-06-12,463.0,,,,,0.0,0.0,0.0,0.0,754.0,291.0,,5896684.0,,,
2020-06-13,347.0,,,,,0.0,0.0,0.0,0.0,768.0,421.0,,5896684.0,,,
2020-06-14,407.0,,,,,0.0,0.0,0.0,0.0,781.0,374.0,,5896684.0,,,
2020-06-15,214.0,,,,,0.0,0.0,0.0,0.0,777.0,563.0,,5896684.0,,,
2020-06-16,151.0,,,,,0.0,0.0,0.0,0.0,797.0,646.0,,5896684.0,,,
2020-06-17,247.0,,,,,0.0,0.0,0.0,0.0,775.0,528.0,,5896684.0,,,
2020-06-18,257.0,,,,,0.0,0.0,0.0,0.0,774.0,517.0,,5896684.0,,,
2020-06-19,142.0,,,,,0.0,0.0,0.0,0.0,747.0,605.0,,5896684.0,,,
2020-06-20,218.0,,,,,0.0,0.0,0.0,0.0,765.0,547.0,,5896684.0,,,
2020-06-21,262.0,,,,,0.0,0.0,0.0,0.0,718.0,456.0,,5896684.0,,,
2020-06-22,218.0,,,,,0.0,0.0,0.0,0.0,648.0,430.0,,5896684.0,,,
2020-06-23,119.0,,,,,0.0,0.0,0.0,0.0,405.0,286.0,,5896684.0,,,
2020-06-24,191.0,,,,,0.0,0.0,0.0,0.0,304.0,113.0,,5896684.0,,,
2020-06-25,113.0,,,,,0.0,0.0,0.0,0.0,305.0,192.0,,5896684.0,,,
2020-06-26,219.0,,,,,0.0,0.0,0.0,0.0,221.0,2.0,,5896684.0,,,
2020-06-27,291.0,,,,,0.0,0.0,0.0,0.0,338.0,47.0,,5896684.0,,,
2020-06-28,213.0,,,,,0.0,0.0,0.0,0.0,345.0,132.0,,5896684.0,,,
2020-06-29,202.0,,,,,0.0,0.0,0.0,0.0,477.0,275.0,,5896684.0,,,
2020-06-30,246.0,,,,,0.0,0.0,0.0,0.0,515.0,269.0,,5896684.0,,,
2020-07-01,215.0,,,,,0.0,0.0,0.0,0.0,511.0,296.0,,5896684.0,,,
2020-07-02,188.0,,,,,0.0,0.0,0.0,0.0,418.0,230.0,,5896684.0,,,
2020-07-03,169.0,,,,,0.0,0.0,0.0,0.0,340.0,171.0,,5896684.0,,,
2020-07-04,185.0,,,,,0.0,0.0,0.0,0.0,348.0,163.0,,5896684.0,,,
2020-07-05,136.0,,,,,0.0,0.0,0.0,0.0,324.0,188.0,,5896684.0,,,
2020-07-06,183.0,,,,,0.0,0.0,0.0,0.0,276.0,93.0,,5896684.0,,,
2020-07-07,157.0,,,,,0.0,0.0,0.0,0.0,285.0,128.0,,5896684.0,,,
2020-07-08,158.0,,,,,0.0,0.0,0.0,0.0,321.0,163.0,,5896684.0,,,
2020-07-09,125.0,,,,,0.0,0.0,0.0,0.0,322.0,197.0,,5896684.0,,,
2020-07-10,191.0,,,,,0.0,0.0,0.0,0.0,135.0,0.0,,5896684.0,,,
2020-07-11,169.0,,,,,0.0,0.0,0.0,0.0,246.0,76.0,,5896684.0,,,
2020-07-12,178.0,,,,,0.0,0.0,0.0,0.0,259.0,81.0,,5896684.0,,,
2020-07-13,322.0,,,,,0.0,0.0,0.0,0.0,256.0,0.0,,5896684.0,,,
2020-07-14,347.0,,,,,0.0,0.0,0.0,0.0,196.0,0.0,,5896684.0,,,
2020-07-15,248.0,,,,,0.0,0.0,0.0,0.0,251.0,2.0,,5896684.0,,,
2020-07-16,248.0,,,,,0.0,0.0,0.0,0.0,268.0,20.0,,5896684.0,,,
2020-07-17,327.0,,,,,0.0,0.0,0.0,0.0,321.0,0.0,,5896684.0,,,
2020-07-18,202.0,,,,,0.0,0.0,0.0,0.0,256.0,54.0,,5896684.0,,,
2020-07-19,257.0,,,,,0.0,0.0,0.0,0.0,253.0,0.0,,5896684.0,,,
2020-07-20,123.0,,,,,0.0,0.0,0.0,0.0,285.0,162.0,,5896684.0,,,
2020-07-21,399.0,,,,,0.0,0.0,0.0,0.0,213.0,0.0,,5896684.0,,,
2020-07-22,310.0,,,,,0.0,0.0,0.0,0.0,211.0,0.0,,5896684.0,,,
2020-07-23,354.0,,,,,0.0,0.0,0.0,0.0,220.0,0.0,,5896684.0,,,
2020-07-24,277.0,,,,,0.0,0.0,0.0,0.0,157.0,0.0,,5896684.0,,,
2020-07-25,513.0,,,,,0.0,0.0,0.0,0.0,180.0,0.0,,5896684.0,,,
2020-07-26,481.0,,,,,0.0,0.0,0.0,0.0,169.0,0.0,,5896684.0,,,
2020-07-27,469.0,,,,,0.0,0.0,0.0,0.0,171.0,0.0,,5896684.0,,,
2020-07-28,359.0,,,,,0.0,0.0,0.0,0.0,201.0,0.0,,5896684.0,,,
2020-07-29,334.0,,,,,0.0,0.0,0.0,0.0,205.0,0.0,,5896684.0,,,
2020-07-30,278.0,,,,,0.0,0.0,0.0,0.0,210.0,0.0,,5896684.0,,,
2020-07-31,396.0,,,,,0.0,0.0,0.0,0.0,183.0,0.0,,5896684.0,,,
2020-08-01,307.0,,,,,0.0,0.0,0.0,0.0,249.0,0.0,,5896684.0,,,
2020-08-02,313.0,,,,,0.0,0.0,0.0,0.0,186.0,0.0,,5896684.0,,,
2020-08-03,226.0,,,,,0.0,0.0,0.0,0.0,253.0,27.0,,5896684.0,,,
2020-08-04,295.0,,,,,0.0,0.0,0.0,0.0,275.0,0.0,,5896684.0,,,
2020-08-05,908.0,,,,,0.0,0.0,0.0,0.0,314.0,0.0,,5896684.0,,,
2020-08-06,301.0,,,,,0.0,0.0,0.0,0.0,263.0,0.0,,5896684.0,,,
2020-08-07,242.0,,,,,0.0,0.0,0.0,0.0,281.0,39.0,,5896684.0,,,
2020-08-08,132.0,,,,,0.0,0.0,0.0,0.0,271.0,139.0,,5896684.0,,,
2020-08-09,175.0,,,,,0.0,0.0,0.0,0.0,332.0,157.0,,5896684.0,,,
2020-08-10,188.0,,,,,0.0,0.0,0.0,0.0,694.0,506.0,,5896684.0,,,
2020-08-11,61.0,,,,,0.0,0.0,0.0,0.0,519.0,458.0,,5896684.0,,,
2020-08-12,42.0,,,,,0.0,0.0,0.0,0.0,392.0,350.0,,5896684.0,,,
2020-08-13,102.0,,,,,0.0,0.0,0.0,0.0,216.0,114.0,,5896684.0,,,
2020-08-14,83.0,,,,,0.0,0.0,0.0,0.0,313.0,230.0,,5896684.0,,,
2020-08-15,81.0,,,,,0.0,0.0,0.0,0.0,472.0,391.0,,5896684.0,,,
2020-08-16,86.0,,,,,0.0,0.0,0.0,0.0,432.0,346.0,,5896684.0,,,
2020-08-17,91.0,,,,,0.0,0.0,0.0,0.0,397.0,306.0,,5896684.0,,,
2020-08-18,100.0,,,,,0.0,0.0,0.0,0.0,183.0,83.0,,5896684.0,,,
2020-08-19,93.0,,,,,0.0,0.0,0.0,0.0,277.0,184.0,,5896684.0,,,
2020-08-20,68.0,,,,,0.0,0.0,0.0,0.0,309.0,241.0,,5896684.0,,,
2020-08-21,117.0,,,,,0.0,0.0,0.0,0.0,532.0,415.0,,5896684.0,,,
2020-08-22,50.0,,,,,0.0,0.0,0.0,0.0,269.0,219.0,,5896684.0,,,
2020-08-23,87.0,,,,,0.0,0.0,0.0,0.0,244.0,157.0,,5896684.0,,,
2020-08-24,51.0,,,,,0.0,0.0,0.0,0.0,423.0,372.0,,5896684.0,,,
2020-08-25,31.0,,,,,0.0,0.0,0.0,0.0,230.0,199.0,,5896684.0,,,
2020-08-26,60.0,,,,,0.0,0.0,0.0,0.0,155.0,95.0,,5896684.0,,,
2020-08-27,77.0,,,,,0.0,0.0,0.0,0.0,168.0,91.0,,5896684.0,,,
2020-08-28,94.0,,,,,0.0,0.0,0.0,0.0,198.0,104.0,,5896684.0,,,
2020-08-29,51.0,,,,,0.0,0.0,0.0,0.0,110.0,59.0,,5896684.0,,,
2020-08-30,54.0,,,,,0.0,0.0,0.0,0.0,139.0,85.0,,5896684.0,,,
2020-08-31,41.0,,,,,0.0,0.0,0.0,0.0,72.0,31.0,,5896684.0,,,
2020-09-01,40.0,,,,,0.0,0.0,0.0,0.0,91.0,51.0,,5896684.0,,,
2020-09-02,8.0,,,,,0.0,0.0,0.0,0.0,142.0,93.0,,5896684.0,,,
2020-09-03,48.0,,,,,0.0,0.0,0.0,0.0,137.0,89.0,,5896684.0,,,
2020-09-04,40.0,,,,,0.0,0.0,0.0,0.0,146.0,106.0,,5896684.0,,,
2020-09-05,34.0,,,,,0.0,0.0,0.0,0.0,93.0,59.0,,5896684.0,,,
2020-09-06,40.0,,,,,0.0,0.0,0.0,0.0,66.0,26.0,,5896684.0,,,
2020-09-07,22.0,,,,,0.0,0.0,0.0,0.0,75.0,53.0,,5896684.0,,,
2020-09-08,47.0,,,,,0.0,0.0,0.0,0.0,53.0,6.0,,5896684.0,,,
2020-09-09,75.0,,,,,0.0,0.0,0.0,0.0,31.0,0.0,,5896684.0,,,
2020-09-10,63.0,,,,,0.0,0.0,0.0,0.0,66.0,3.0,,5896684.0,,,
2020-09-11,86.0,,,,,0.0,0.0,0.0,0.0,49.0,0.0,,5896684.0,,,
2020-09-12,42.0,,,,,0.0,0.0,0.0,0.0,92.0,50.0,,5896684.0,,,
2020-09-13,49.0,,,,,0.0,0.0,0.0,0.0,65.0,16.0,,5896684.0,,,
2020-09-14,48.0,,,,,0.0,0.0,0.0,0.0,38.0,0.0,,5896684.0,,,
2020-09-15,34.0,,,,,0.0,0.0,0.0,0.0,82.0,48.0,,5896684.0,,,
2020-09-16,26.0,,,,,0.0,0.0,0.0,0.0,71.0,44.0,,5896684.0,,,
2020-09-17,18.0,,,,,0.0,0.0,0.0,0.0,84.0,66.0,,5896684.0,,,
2020-09-18,11.0,,,,,0.0,0.0,0.0,0.0,32.0,21.0,,5896684.0,,,
2020-09-19,15.0,,,,,0.0,0.0,0.0,0.0,71.0,56.0,,5896684.0,,,
2020-09-20,18.0,,,,,0.0,0.0,0.0,0.0,39.0,21.0,,5896684.0,,,
2020-09-21,30.0,,,,,0.0,0.0,0.0,0.0,60.0,29.0,,5896684.0,,,
2020-09-22,21.0,,,,,0.0,0.0,0.0,0.0,21.0,0.0,,5896684.0,,,
2020-09-23,12.0,,,,,0.0,0.0,0.0,0.0,29.0,17.0,,5896684.0,,,
2020-09-24,15.0,,,,,0.0,0.0,0.0,0.0,42.0,27.0,,5896684.0,,,
2020-09-25,11.0,,,,,0.0,0.0,0.0,0.0,8.0,0.0,,5896684.0,,,
2020-09-26,20.0,,,,,0.0,0.0,0.0,0.0,19.0,0.0,,5896684.0,,,
2020-09-27,15.0,,,,,0.0,0.0,0.0,0.0,8.0,0.0,,5896684.0,,,
2020-09-28,15.0,,,,,0.0,0.0,0.0,0.0,26.0,11.0,,5896684.0,,,
2020-09-29,27.0,,,,,0.0,0.0,0.0,0.0,73.0,46.0,,5896684.0,,,
2020-09-30,23.0,,,,,0.0,0.0,0.0,0.0,22.0,0.0,,5896684.0,,,
2020-10-01,19.0,,,,,0.0,0.0,0.0,0.0,24.0,5.0,,5896684.0,,,
2020-10-02,10.0,,,,,0.0,0.0,0.0,0.0,22.0,12.0,,5896684.0,,,
2020-10-03,6.0,,,,,0.0,0.0,0.0,0.0,28.0,22.0,,5896684.0,,,
2020-10-04,12.0,,,,,0.0,0.0,0.0,0.0,13.0,1.0,,5896684.0,,,
2020-10-05,7.0,,,,,0.0,0.0,0.0,0.0,22.0,15.0,,5896684.0,,,
2020-10-06,11.0,,,,,0.0,0.0,0.0,0.0,15.0,4.0,,5896684.0,,,
2020-10-07,10.0,,,,,0.0,0.0,0.0,0.0,12.0,2.0,,5896684.0,,,
2020-10-08,9.0,,,,,0.0,0.0,0.0,0.0,44.0,35.0,,5896684.0,,,
2020-10-09,10.0,,,,,0.0,0.0,0.0,0.0,7.0,0.0,,5896684.0,,,
2020-10-10,7.0,,,,,0.0,0.0,0.0,0.0,23.0,16.0,,5896684.0,,,
2020-10-11,10.0,,,,,0.0,0.0,0.0,0.0,7.0,0.0,,5896684.0,,,
2020-10-12,4.0,,,,,0.0,0.0,0.0,0.0,23.0,19.0,,5896684.0,,,
2020-10-13,4.0,,,,,0.0,0.0,0.0,0.0,12.0,8.0,,5896684.0,,,
2020-10-14,5.0,,,,,0.0,0.0,0.0,0.0,12.0,7.0,,5896684.0,,,
2020-10-15,3.0,,,,,0.0,0.0,0.0,0.0,12.0,9.0,,5896684.0,,,
2020-10-16,9.0,,,,,0.0,0.0,0.0,0.0,20.0,11.0,,5896684.0,,,
2020-10-17,3.0,,,,,0.0,0.0,0.0,0.0,14.0,11.0,,5896684.0,,,
2020-10-18,7.0,,,,,0.0,0.0,0.0,0.0,9.0,2.0,,5896684.0,,,
2020-10-19,4.0,,,,,0.0,0.0,0.0,0.0,12.0,8.0,,5896684.0,,,
2020-10-20,6.0,,,,,0.0,0.0,0.0,0.0,0.0,0.0,,5896684.0,,,
2020-10-21,12.0,,,,,0.0,0.0,0.0,0.0,2.0,0.0,,5896684.0,,,
2020-10-22,8.0,,,,,0.0,0.0,0.0,0.0,8.0,0.0,,5896684.0,,,
2020-10-23,10.0,,,,,0.0,0.0,0.0,0.0,3.0,0.0,,5896684.0,,,
2020-10-24,14.0,,,,,0.0,0.0,0.0,0.0,12.0,0.0,,5896684.0,,,
2020-10-25,5.0,,,,,0.0,0.0,0.0,0.0,14.0,9.0,,5896684.0,,,
2020-10-26,3.0,,,,,0.0,0.0,0.0,0.0,21.0,18.0,,5896684.0,,,
2020-10-27,7.0,,,,,0.0,0.0,0.0,0.0,4.0,0.0,,5896684.0,,,
2020-10-28,7.0,,,,,0.0,0.0,0.0,0.0,7.0,0.0,,5896684.0,,,
2020-10-29,7.0,,,,,0.0,0.0,0.0,0.0,9.0,2.0,,5896684.0,,,
2020-10-30,9.0,,,,,0.0,0.0,0.0,0.0,10.0,1.0,,5896684.0,,,
2020-10-31,12.0,,,,,0.0,0.0,0.0,0.0,4.0,0.0,,5896684.0,,,
2020-11-01,4.0,,,,,0.0,0.0,0.0,0.0,11.0,7.0,,5896684.0,,,
2020-11-02,1.0,,,,,0.0,0.0,0.0,0.0,0.0,0.0,,5896684.0,,,
2020-11-03,9.0,,,,,0.0,0.0,0.0,0.0,13.0,4.0,,5896684.0,,,
2020-11-04,7.0,,,,,0.0,0.0,0.0,0.0,1.0,0.0,,5896684.0,,,
2020-11-05,7.0,,,,,0.0,0.0,0.0,0.0,11.0,4.0,,5896684.0,,,
2020-11-06,4.0,,,,,0.0,0.0,0.0,0.0,10.0,6.0,,5896684.0,,,
2020-11-07,7.0,,,,,0.0,0.0,0.0,0.0,9.0,2.0,,5896684.0,,,
2020-11-08,2.0,,,,,0.0,0.0,0.0,0.0,7.0,5.0,,5896684.0,,,
2020-11-09,8.0,,,,,0.0,0.0,0.0,0.0,6.0,0.0,,5896684.0,,,
2020-11-10,9.0,,,,,0.0,0.0,0.0,0.0,4.0,0.0,,5896684.0,,,
2020-11-11,18.0,,,,,0.0,0.0,0.0,0.0,5.0,0.0,,5896684.0,,,
2020-11-12,11.0,,,,,0.0,0.0,0.0,0.0,12.0,1.0,,5896684.0,,,
2020-11-13,12.0,,,,,0.0,0.0,0.0,0.0,6.0,0.0,,5896684.0,,,
2020-11-14,2.0,,,,,0.0,0.0,0.0,0.0,11.0,9.0,,5896684.0,,,
2020-11-15,3.0,,,,,0.0,0.0,0.0,0.0,10.0,7.0,,5896684.0,,,
2020-11-16,5.0,,,,,0.0,0.0,0.0,0.0,4.0,0.0,,5896684.0,,,
2020-11-17,6.0,,,,,0.0,0.0,0.0,0.0,6.0,0.0,,5896684.0,,,
2020-11-18,5.0,,,,,0.0,0.0,0.0,0.0,7.0,2.0,,5896684.0,,,
2020-11-19,4.0,,,,,0.0,0.0,0.0,0.0,6.0,2.0,,5896684.0,,,
2020-11-20,4.0,,,,,0.0,0.0,0.0,0.0,6.0,2.0,,5896684.0,,,
2020-11-21,5.0,,,,,0.0,0.0,0.0,0.0,6.0,1.0,,5896684.0,,,
2020-11-22,12.0,,,,,0.0,0.0,0.0,0.0,3.0,0.0,,5896684.0,,,
2020-11-23,5.0,,,,,0.0,0.0,0.0,0.0,4.0,0.0,,5896684.0,,,
2020-11-24,18.0,,,,,0.0,0.0,0.0,0.0,8.0,0.0,,5896684.0,,,
2020-11-25,7.0,,,,,0.0,0.0,0.0,0.0,12.0,5.0,,5896684.0,,,
2020-11-26,5.0,,,,,0.0,0.0,0.0,0.0,13.0,8.0,,5896684.0,,,
2020-11-27,4.0,,,,,0.0,0.0,0.0,0.0,7.0,3.0,,5896684.0,,,
2020-11-28,6.0,,,,,0.0,0.0,0.0,0.0,8.0,2.0,,5896684.0,,,
2020-11-29,8.0,,,,,0.0,0.0,0.0,0.0,5.0,0.0,,5896684.0,,,
2020-11-30,5.0,,,,,0.0,0.0,0.0,0.0,10.0,5.0,,5896684.0,,,
2020-12-01,10.0,,,,,0.0,0.0,0.0,0.0,5.0,0.0,,5896684.0,,,
2020-12-02,2.0,,,,,0.0,0.0,0.0,0.0,5.0,3.0,,5896684.0,,,
2020-12-03,9.0,,,,,0.0,0.0,0.0,0.0,1.0,0.0,,5896684.0,,,
2020-12-04,3.0,,,,,0.0,0.0,0.0,0.0,7.0,4.0,,5896684.0,,,
2020-12-05,13.0,,,,,0.0,0.0,0.0,0.0,6.0,0.0,,5896684.0,,,
2020-12-06,5.0,,,,,0.0,0.0,0.0,0.0,2.0,0.0,,5896684.0,,,
2020-12-07,13.0,,,,,0.0,0.0,0.0,0.0,8.0,0.0,,5896684.0,,,
2020-12-08,12.0,,,,,0.0,0.0,0.0,0.0,8.0,0.0,,5896684.0,,,
2020-12-09,6.0,,,,,0.0,0.0,0.0,0.0,6.0,0.0,,5896684.0,,,
2020-12-10,6.0,,,,,0.0,0.0,0.0,0.0,6.0,0.0,,5896684.0,,,
2020-12-11,8.0,,,,,0.0,0.0,0.0,0.0,4.0,0.0,,5896684.0,,,
2020-12-12,8.0,,,,,0.0,0.0,0.0,0.0,5.0,0.0,,5896684.0,,,
2020-12-13,7.0,,,,,0.0,0.0,0.0,0.0,11.0,4.0,,5896684.0,,,
2020-12-14,5.0,,,,,0.0,0.0,0.0,0.0,2.0,0.0,,5896684.0,,,
2020-12-15,16.0,,,,,0.0,0.0,0.0,0.0,23.0,7.0,,5896684.0,,,
2020-12-16,12.0,,,,,0.0,0.0,0.0,0.0,5.0,0.0,,5896684.0,,,
2020-12-17,24.0,,,,,0.0,0.0,0.0,0.0,14.0,0.0,,5896684.0,,,
2020-12-18,9.0,,,,,0.0,0.0,0.0,0.0,13.0,4.0,,5896684.0,,,
2020-12-19,17.0,,,,,0.0,0.0,0.0,0.0,9.0,0.0,,5896684.0,,,
2020-12-20,19.0,,,,,0.0,0.0,0.0,0.0,5.0,0.0,,5896684.0,,,
2020-12-21,10.0,,,,,0.0,0.0,0.0,0.0,8.0,0.0,,5896684.0,,,
2020-12-22,29.0,,,,,0.0,0.0,0.0,0.0,17.0,0.0,,5896684.0,,,
2020-12-23,21.0,,,,,0.0,0.0,0.0,0.0,18.0,0.0,,5896684.0,,,
2020-12-24,13.0,,,,,0.0,0.0,0.0,0.0,10.0,0.0,,5896684.0,,,
2020-12-25,14.0,,,,,0.0,0.0,0.0,0.0,20.0,6.0,,5896684.0,,,
2020-12-26,10.0,,,,,0.0,0.0,0.0,0.0,10.0,0.0,,5896684.0,,,
2020-12-27,5.0,,,,,0.0,0.0,0.0,0.0,8.0,3.0,,5896684.0,,,
2020-12-28,5.0,,,,,0.0,0.0,0.0,0.0,16.0,11.0,,5896684.0,,,
2020-12-29,13.0,,,,,0.0,0.0,0.0,0.0,14.0,1.0,,5896684.0,,,
2020-12-30,27.0,,,,,0.0,0.0,0.0,0.0,11.0,0.0,,5896684.0,,,
2020-12-31,30.0,,,,,0.0,0.0,0.0,0.0,38.0,8.0,,5896684.0,,,
2021-01-01,30.0,,,,,0.0,0.0,0.0,0.0,10.0,0.0,,5896684.0,,,
2021-01-02,33.0,,,,,0.0,0.0,0.0,0.0,17.0,0.0,,5896684.0,,,
2021-01-03,35.0,,,,,0.0,0.0,0.0,0.0,11.0,0.0,,5896684.0,,,
2021-01-04,24.0,,,,,0.0,0.0,0.0,0.0,10.0,0.0,,5896684.0,,,
2021-01-05,28.0,,,,,0.0,0.0,0.0,0.0,20.0,0.0,,5896684.0,,,
2021-01-06,31.0,,,,,0.0,0.0,0.0,0.0,24.0,0.0,,5896684.0,,,
2021-01-07,33.0,,,,,0.0,0.0,0.0,0.0,21.0,0.0,,5896684.0,,,
2021-01-08,23.0,,,,,0.0,0.0,0.0,0.0,18.0,0.0,,5896684.0,,,
2021-01-09,29.0,,,,,0.0,0.0,0.0,0.0,31.0,2.0,,5896684.0,,,
2021-01-10,42.0,,,,,0.0,0.0,0.0,0.0,25.0,0.0,,5896684.0,,,
2021-01-11,22.0,,,,,0.0,0.0,0.0,0.0,32.0,10.0,3400.0,5896684.0,,0.0576595252518195,
2021-01-12,17.0,,,,,0.0,0.0,0.0,0.0,26.0,9.0,6200.0,5896684.0,,0.10514384016508262,
2021-01-13,38.0,,,,,0.0,0.0,0.0,0.0,28.0,0.0,11580.0,5896684.0,,0.19638155953413816,
2021-01-14,45.0,,,,,0.0,0.0,0.0,0.0,35.0,0.0,16960.0,5896684.0,,0.2876192789031937,
2021-01-15,30.0,,,,,0.0,0.0,0.0,0.0,14.0,0.0,22340.0,5896684.0,,0.3788569982722493,
2021-01-16,24.0,,,,,0.0,0.0,0.0,0.0,13.0,0.0,27720.0,5896684.0,,0.4700947176413049,
2021-01-17,30.0,,,,,0.0,0.0,0.0,0.0,62.0,32.0,33100.0,5896684.0,,0.5613324370103604,
2021-01-18,14.0,,,,,0.0,0.0,0.0,0.0,22.0,8.0,38480.0,5896684.0,,0.652570156379416,
2021-01-19,30.0,,,,,0.0,0.0,0.0,0.0,26.0,0.0,43860.0,5896684.0,,0.7438078757484715,
2021-01-20,40.0,,,,,0.0,0.0,0.0,0.0,32.0,0.0,49240.0,5896684.0,,0.8350455951175271,
2021-01-21,38.0,,,,,0.0,0.0,0.0,0.0,33.0,0.0,54620.0,5896684.0,,0.9262833144865825,
2021-01-22,15.0,,,,,0.0,0.0,0.0,0.0,24.0,9.0,60000.0,5896684.0,,1.0175210338556382,
2021-01-23,10.0,,,,,0.0,0.0,0.0,0.0,32.0,22.0,70600.0,5896684.0,,1.1972830831701344,
2021-01-24,48.0,,,,,0.0,0.0,0.0,0.0,26.0,0.0,81200.0,5896684.0,,1.3770451324846305,
2021-01-25,44.0,,,,,0.0,0.0,0.0,0.0,25.0,0.0,91800.0,5896684.0,,1.5568071817991265,
2021-01-26,14.0,,,,,0.0,0.0,0.0,0.0,20.0,6.0,102400.0,5896684.0,,1.7365692311136227,
2021-01-27,25.0,,,,,0.0,0.0,0.0,0.0,18.0,0.0,113000.0,5896684.0,50.0,1.9163312804281185,0.0008479341948796986
2021-01-28,34.0,,,,,0.0,0.0,0.0,0.0,44.0,10.0,123500.0,5896684.0,50.0,2.0943974613528553,0.0008479341948796986
2021-01-29,24.0,,,,,0.0,0.0,0.0,0.0,33.0,9.0,134000.0,5896684.0,50.0,2.2724636422775917,0.0008479341948796986
2021-01-30,58.0,,,,,0.0,0.0,0.0,0.0,15.0,0.0,144500.0,5896684.0,50.0,2.450529823202329,0.0008479341948796986
2021-01-31,29.0,,,,,0.0,0.0,0.0,0.0,32.0,3.0,155000.0,5896684.0,50.0,2.6285960041270653,0.0008479341948796986
2021-02-01,29.0,,,,,0.0,0.0,0.0,0.0,43.0,14.0,165000.0,5896684.0,3025.0,2.798182843103005,0.05130001879022175
2021-02-02,19.0,,,,,0.0,0.0,0.0,0.0,30.0,11.0,175000.0,5896684.0,6000.0,2.9677696820789445,0.10175210338556381
2021-02-03,18.0,,,,,0.0,0.0,0.0,0.0,19.0,1.0,184375.0,5896684.0,6000.0,3.1267573436188885,0.10175210338556381
2021-02-04,22.0,,,,,0.0,0.0,0.0,0.0,28.0,6.0,193750.0,5896684.0,6000.0,3.2857450051588315,0.10175210338556381
2021-02-05,25.0,,,,,0.0,0.0,0.0,0.0,25.0,0.0,203125.0,5896684.0,6000.0,3.444732666698775,0.10175210338556381
2021-02-06,26.0,,,,,0.0,0.0,0.0,0.0,32.0,6.0,212500.0,5896684.0,6000.0,3.603720328238719,0.10175210338556381
2021-02-07,24.0,,,,,0.0,0.0,0.0,0.0,28.0,4.0,221875.0,5896684.0,6000.0,3.7627079897786624,0.10175210338556381
2021-02-08,22.0,,,,,0.0,0.0,0.0,0.0,51.0,29.0,231250.0,5896684.0,6000.0,3.9216956513186054,0.10175210338556381
2021-02-09,11.0,,,,,0.0,0.0,0.0,0.0,22.0,11.0,240625.0,5896684.0,6000.0,4.080683312858549,0.10175210338556381
2021-02-10,15.0,,,,,0.0,0.0,0.0,0.0,20.0,5.0,250000.0,5896684.0,6000.0,4.239670974398493,0.10175210338556381
2021-02-11,12.0,,,,,0.0,0.0,0.0,0.0,32.0,20.0,250000.0,5896684.0,19000.0,4.239670974398493,0.32221499405428544
2021-02-12,18.0,,,,,0.0,0.0,0.0,0.0,11.0,0.0,250000.0,5896684.0,32000.0,4.239670974398493,0.542677884723007
2021-02-13,9.0,,,,,0.0,0.0,0.0,0.0,35.0,26.0,250000.0,5896684.0,45000.0,4.239670974398493,0.7631407753917286
2021-02-14,14.0,,,,,0.0,0.0,0.0,0.0,17.0,3.0,250000.0,5896684.0,58000.0,4.239670974398493,0.9836036660604502
2021-02-15,9.0,,,,,0.0,0.0,0.0,0.0,20.0,11.0,250000.0,5896684.0,71000.0,4.239670974398493,1.2040665567291717
2021-02-16,1.0,,,,,0.0,0.0,0.0,0.0,20.0,19.0,250000.0,5896684.0,84000.0,4.239670974398493,1.4245294473978936
2021-02-17,11.0,,,,,0.0,0.0,0.0,0.0,15.0,4.0,250000.0,5896684.0,97000.0,4.239670974398493,1.644992338066615
2021-02-18,11.0,,,,,0.0,0.0,0.0,0.0,3.0,0.0,250000.0,5896684.0,110000.0,4.239670974398493,1.8654552287353368
2021-02-19,14.0,,,,,0.0,0.0,0.0,0.0,18.0,4.0,256155.9090909091,5896684.0,118847.63636363637,4.344067090773545,2.0154994970671036
2021-02-20,12.0,,,,,0.0,0.0,0.0,0.0,22.0,10.0,262311.8181818182,5896684.0,127695.27272727274,4.448463207148597,2.1655437653988705
2021-02-21,11.0,,,,,0.0,0.0,0.0,0.0,12.0,1.0,268467.7272727273,5896684.0,136542.9090909091,4.552859323523649,2.315588033730637
2021-02-22,10.0,,,,,0.0,0.0,0.0,0.0,15.0,5.0,274623.63636363635,5896684.0,145390.54545454547,4.657255439898702,2.4656323020624047
2021-02-23,4.0,,,,,0.0,0.0,0.0,0.0,7.0,3.0,280779.54545454547,5896684.0,154238.18181818182,4.761651556273754,2.615676570394171
2021-02-24,7.0,,,,,0.0,0.0,0.0,0.0,8.0,1.0,286935.45454545453,5896684.0,163085.81818181818,4.866047672648806,2.7657208387259375
2021-02-25,10.0,,,,,0.0,0.0,0.0,0.0,24.0,14.0,293091.36363636365,5896684.0,171933.45454545453,4.970443789023859,2.9157651070577044
2021-02-26,13.0,,,,,0.0,0.0,0.0,0.0,18.0,5.0,299247.2727272727,5896684.0,180781.0909090909,5.07483990539891,3.0658093753894713
2021-02-27,12.0,,,,,0.0,0.0,0.0,0.0,13.0,1.0,305403.1818181818,5896684.0,189628.7272727273,5.1792360217739635,3.2158536437212386
2021-02-28,11.0,,,,,0.0,0.0,0.0,0.0,7.0,0.0,311559.09090909094,5896684.0,198476.36363636365,5.2836321381490166,3.3658979120530055
2021-03-01,12.0,,,,,0.0,0.0,0.0,0.0,7.0,0.0,317715.0,5896684.0,207324.0,5.388028254524068,3.515942180384772
2021-03-02,8.0,,,,,0.0,0.0,0.0,0.0,12.0,4.0,328476.6666666667,5896684.0,209882.66666666666,5.5705319577353425,3.559333799584082
2021-03-03,23.0,,,,,0.0,0.0,0.0,0.0,7.0,0.0,339238.3333333333,5896684.0,212441.33333333334,5.753035660946615,3.6027254187833933
2021-03-04,19.0,,,,,0.0,0.0,0.0,0.0,8.0,0.0,350000.0,5896684.0,215000.0,5.935539364157889,3.646117037982703
2021-03-05,9.0,,,,,0.0,0.0,0.0,0.0,13.0,4.0,359666.6666666667,5896684.0,215666.66666666666,6.099473308501298,3.657422827247766
2021-03-06,13.0,,,,,0.0,0.0,0.0,0.0,9.0,0.0,369333.3333333333,5896684.0,216333.33333333334,6.263407252844706,3.6687286165128294
2021-03-07,13.0,,,,,0.0,0.0,0.0,0.0,15.0,2.0,379000.0,5896684.0,217000.0,6.427341197188115,3.6800344057778913
2021-03-08,13.0,,,,,0.0,0.0,0.0,0.0,6.0,0.0,392620.0,5896684.0,218694.0,6.6583184718733435,3.708762416300416
2021-03-09,6.0,,,,,0.0,0.0,0.0,0.0,5.0,0.0,414996.28571428574,5896684.0,222190.42857142858,7.037790828104164,3.768057243213789
2021-03-10,10.0,,,,,0.0,0.0,0.0,0.0,6.0,0.0,437372.5714285714,5896684.0,225686.85714285713,7.417263184334982,3.8273520701271617
2021-03-11,8.0,,,,,0.0,0.0,0.0,0.0,28.0,20.0,459748.85714285716,5896684.0,229183.2857142857,7.796735540565802,3.8866468970405355
2021-03-12,10.0,,,,,0.0,0.0,0.0,0.0,11.0,1.0,482125.14285714284,5896684.0,232679.7142857143,8.17620789679662,3.9459417239539087
2021-03-13,8.0,,,,,0.0,0.0,0.0,0.0,11.0,3.0,504501.4285714286,5896684.0,236176.14285714287,8.55568025302744,4.005236550867282
2021-03-14,17.0,,,,,0.0,0.0,0.0,0.0,7.0,0.0,526877.7142857143,5896684.0,239672.57142857142,8.93515260925826,4.064531377780654
2021-03-15,12.0,,,,,0.0,0.0,0.0,0.0,6.0,0.0,549254.0,5896684.0,243169.0,9.314624965489077,4.123826204694028
2021-03-16,11.0,,,,,0.0,0.0,0.0,0.0,10.0,0.0,580974.4285714285,5896684.0,251375.0,9.852561686728142,4.262989164757684
2021-03-17,9.0,,,,,0.0,0.0,0.0,0.0,17.0,8.0,612694.8571428572,5896684.0,259581.0,10.39049840796721,4.40215212482134
2021-03-18,15.0,,,,,0.0,0.0,0.0,0.0,13.0,0.0,644415.2857142857,5896684.0,267787.0,10.928435129206274,4.541315084884996
2021-03-19,15.0,,,,,0.0,0.0,0.0,0.0,5.0,0.0,676135.7142857143,5896684.0,275993.0,11.466371850445341,4.680478044948652
2021-03-20,17.0,,,,,0.0,0.0,0.0,0.0,3.0,0.0,707856.1428571428,5896684.0,284199.0,12.004308571684405,4.819641005012309
2021-03-21,12.0,,,,,0.0,0.0,0.0,0.0,16.0,4.0,739576.5714285714,5896684.0,292405.0,12.542245292923472,4.9588039650759645
2021-03-22,12.0,,,,,0.0,0.0,0.0,0.0,13.0,1.0,771297.0,5896684.0,300611.0,13.080182014162537,5.0979669251396205
2021-03-23,13.0,,,,,0.0,0.0,0.0,0.0,12.0,0.0,799000.0,5896684.0,310000.0,13.549988434177582,5.257192008254131
2021-03-24,15.0,,,,,0.0,0.0,0.0,0.0,15.0,0.0,823051.1666666666,5896684.0,320934.1666666667,13.957864567045931,5.442621084437739
2021-03-25,17.0,,,,,0.0,0.0,0.0,0.0,8.0,0.0,847102.3333333334,5896684.0,331868.3333333333,14.365740699914282,5.628050160621348
2021-03-26,12.0,,,,,0.0,0.0,0.0,0.0,17.0,5.0,871153.5,5896684.0,342802.5,14.77361683278263,5.813479236804957
2021-03-27,23.0,,,,,0.0,0.0,0.0,0.0,10.0,0.0,895204.6666666666,5896684.0,353736.6666666667,15.181492965650978,5.998908312988566
2021-03-28,12.0,,,,,0.0,0.0,0.0,0.0,9.0,0.0,919255.8333333334,5896684.0,364670.8333333333,15.589369098519326,6.184337389172174
2021-03-29,21.0,,,,,0.0,0.0,0.0,0.0,9.0,0.0,943307.0,5896684.0,375605.0,15.997245231387675,6.3697664653557835
2021-03-30,26.0,,,,,0.0,0.0,0.0,0.0,7.0,0.0,964645.6,5896684.0,394084.0,16.359119803604873,6.683145985099421
2021-03-31,34.0,,,,,0.0,0.0,0.0,0.0,11.0,0.0,985984.2,5896684.0,412563.0,16.72099437582207,6.996525504843061
2021-04-01,26.0,,,,,0.0,0.0,0.0,0.0,12.0,0.0,1007322.8,5896684.0,431042.0,17.08286894803927,7.3099050245867
2021-04-02,43.0,,,,,0.0,0.0,0.0,0.0,15.0,0.0,1028661.4,5896684.0,449521.0,17.44474352025647,7.623284544330339
2021-04-03,18.0,,,,,0.0,0.0,0.0,0.0,9.0,0.0,1050000.0,5896684.0,468000.0,17.80661809247367,7.9366640640739785
2021-04-04,10.0,,,,,0.0,0.0,0.0,0.0,17.0,7.0,1077219.3333333333,5896684.0,490621.3333333333,18.268222162376908,8.320292105416083
2021-04-05,17.0,,,,,0.0,0.0,0.0,0.0,12.0,0.0,1104438.6666666667,5896684.0,513242.6666666667,18.729826232280157,8.70392014675819
2021-04-06,24.0,,,,,0.0,0.0,0.0,0.0,25.0,1.0,1131658.0,5896684.0,535864.0,19.191430302183395,9.087548188100294
2021-04-07,35.0,,,,,0.0,0.0,0.0,0.0,21.0,0.0,1151030.1666666667,5896684.0,562022.3333333334,19.519956753094906,9.531159094388192
2021-04-08,21.0,,,,,0.0,0.0,0.0,0.0,24.0,3.0,1170402.3333333333,5896684.0,588180.6666666666,19.84848320400641,9.974770000676084
2021-04-09,26.0,,,,,0.0,0.0,0.0,0.0,20.0,0.0,1189774.5,5896684.0,614339.0,20.177009654917917,10.418380906963982
2021-04-10,32.0,,,,,0.0,0.0,0.0,0.0,18.0,0.0,1209146.6666666667,5896684.0,640497.3333333334,20.505536105829425,10.861991813251878
2021-04-11,20.0,,,,,0.0,0.0,0.0,0.0,13.0,0.0,1228518.8333333333,5896684.0,666655.6666666666,20.83406255674093,11.305602719539772
2021-04-12,25.0,,,,,0.0,0.0,0.0,0.0,22.0,0.0,1247891.0,5896684.0,692814.0,21.162589007652436,11.749213625827668
2021-04-13,14.0,,,,,0.0,0.0,0.0,0.0,17.0,3.0,1267263.1666666667,5896684.0,718972.3333333333,21.491115458563943,12.192824532115564
2021-04-14,27.0,,,,,0.0,0.0,0.0,0.0,18.0,0.0,1286635.3333333333,5896684.0,745130.6666666666,21.819641909475447,12.63643543840346
2021-04-15,16.0,,,,,0.0,0.0,0.0,0.0,25.0,9.0,1306007.5,5896684.0,771289.0,22.148168360386958,13.080046344691354
2021-04-16,34.0,,,,,0.0,0.0,0.0,0.0,29.0,0.0,1325379.6666666667,5896684.0,797447.3333333333,22.476694811298465,13.523657250979248
2021-04-17,39.0,,,,,0.0,0.0,0.0,0.0,17.0,0.0,1344751.8333333333,5896684.0,823605.6666666666,22.80522126220997,13.967268157267146
2021-04-18,23.0,,,,,0.0,0.0,0.0,0.0,22.0,0.0,1364124.0,5896684.0,849764.0,23.133747713121476,14.410879063555043
2021-04-19,20.0,,,,,0.0,0.0,0.0,0.0,18.0,0.0,1386331.2727272727,5896684.0,869531.3636363636,23.510353831530953,14.746107534952927
2021-04-20,14.0,,,,,0.0,0.0,0.0,0.0,37.0,23.0,1408538.5454545454,5896684.0,889298.7272727273,23.88695994994043,15.081336006350812
2021-04-21,15.0,,,,,0.0,0.0,0.0,0.0,36.0,21.0,1430745.8181818181,5896684.0,909066.0909090909,24.26356606834991,15.416564477748695
2021-04-22,24.0,,,,,0.0,0.0,0.0,0.0,27.0,3.0,1452953.0909090908,5896684.0,928833.4545454546,24.640172186759386,15.751792949146582
2021-04-23,39.0,,,,,0.0,0.0,0.0,0.0,10.0,0.0,1475160.3636363638,5896684.0,948600.8181818181,25.01677830516887,16.087021420544463
2021-04-24,23.0,,,,,0.0,0.0,0.0,0.0,16.0,0.0,1497367.6363636362,5896684.0,968368.1818181819,25.39338442357834,16.42224989194235
2021-04-25,40.0,,,,,0.0,0.0,0.0,0.0,33.0,0.0,1519574.9090909092,5896684.0,988135.5454545454,25.76999054198782,16.757478363340233
2021-04-26,45.0,,,,,0.0,0.0,0.0,0.0,20.0,0.0,1541782.1818181819,5896684.0,1007902.9090909091,26.146596660397297,17.09270683473812
2021-04-27,12.0,,,,,0.0,0.0,0.0,0.0,22.0,10.0,1563989.4545454546,5896684.0,1027670.2727272727,26.523202778806777,17.427935306136003
2021-04-28,23.0,,,,,0.0,0.0,0.0,0.0,14.0,0.0,1586196.7272727273,5896684.0,1047437.6363636364,26.899808897216253,17.76316377753389
2021-04-29,35.0,,,,,0.0,0.0,0.0,0.0,20.0,0.0,1608404.0,5896684.0,1067205.0,27.276415015625734,18.098392248931773
2021-04-30,24.0,,,,,0.0,0.0,0.0,0.0,13.0,0.0,1630611.2727272727,5896684.0,1086972.3636363638,27.65302113403521,18.43362072032966
2021-05-01,34.0,,,,,0.0,0.0,0.0,0.0,14.0,0.0,1652818.5454545454,5896684.0,1106739.7272727273,28.02962725244469,18.76884919172754
2021-05-02,39.0,,,,,0.0,0.0,0.0,0.0,21.0,0.0,1675025.8181818181,5896684.0,1126507.0909090908,28.40623337085416,19.104077663125423
2021-05-03,17.0,,,,,0.0,0.0,0.0,0.0,20.0,3.0,1697233.0909090908,5896684.0,1146274.4545454546,28.78283948926364,19.439306134523314
2021-05-04,17.0,,,,,0.0,0.0,0.0,0.0,17.0,0.0,1719440.3636363638,5896684.0,1166041.8181818181,29.159445607673124,19.774534605921193
2021-05-05,16.0,,,,,0.0,0.0,0.0,0.0,21.0,5.0,1741647.6363636362,5896684.0,1185809.1818181819,29.536051726082597,20.10976307731908
2021-05-06,18.0,,,,,0.0,0.0,0.0,0.0,29.0,11.0,1763854.9090909092,5896684.0,1205576.5454545454,29.912657844492074,20.444991548716963
2021-05-07,25.0,,,,,0.0,0.0,0.0,0.0,33.0,8.0,1786062.1818181819,5896684.0,1225343.9090909092,30.289263962901554,20.78022002011485
2021-05-08,20.0,,,,,0.0,0.0,0.0,0.0,6.0,0.0,1808269.4545454546,5896684.0,1245111.2727272727,30.66587008131103,21.115448491512733
2021-05-09,28.0,,,,,0.0,0.0,0.0,0.0,21.0,0.0,1830476.7272727273,5896684.0,1264878.6363636362,31.042476199720507,21.450676962910617
2021-05-10,19.0,,,,,0.0,0.0,0.0,0.0,20.0,1.0,1852684.0,5896684.0,1284646.0,31.419082318129988,21.785905434308503
2021-05-11,25.0,,,,,0.0,0.0,0.0,0.0,22.0,0.0,1868456.0,5896684.0,1289764.0,31.68655468056284,21.87269997849639
2021-05-12,16.0,,,,,0.0,0.0,0.0,0.0,31.0,15.0,1884228.0,5896684.0,1294882.0,31.95402704299569,21.959494522684274
2021-05-13,34.0,,,,,0.0,0.0,0.0,0.0,23.0,0.0,1900000.0,5896684.0,1300000.0,32.221499405428546,22.04628906687216
2021-05-14,52.0,,,,,0.0,0.0,0.0,0.0,18.0,0.0,1916631.0,5896684.0,1335136.0,32.50353927732943,22.642149384298023
2021-05-15,31.0,,,,,0.0,0.0,0.0,0.0,15.0,0.0,1933262.0,5896684.0,1370272.0,32.785579149230315,23.238009701723882
2021-05-16,49.0,,,,,0.0,0.0,0.0,0.0,42.0,0.0,1949893.0,5896684.0,1405408.0,33.0676190211312,23.833870019149746
2021-05-17,28.0,,,,,0.0,0.0,0.0,0.0,19.0,0.0,1966524.0,5896684.0,1440544.0,33.349658893032085,24.42973033657561
2021-05-18,38.0,,,,,0.0,0.0,0.0,0.0,11.0,0.0,1987370.5714285714,5896684.0,1465669.0,33.70318930823784,24.855817269502655
2021-05-19,38.0,,,,,0.0,0.0,0.0,0.0,49.0,11.0,2008217.142857143,5896684.0,1490794.0,34.0567197234436,25.281904202429708
2021-05-20,41.0,,,,,0.0,0.0,0.0,0.0,46.0,5.0,2029063.7142857143,5896684.0,1515919.0,34.41025013864936,25.70799113535675
2021-05-21,40.0,,,,,0.0,0.0,0.0,0.0,13.0,0.0,2049910.2857142857,5896684.0,1541044.0,34.76378055385511,26.1340780682838
2021-05-22,29.0,,,,,0.0,0.0,0.0,0.0,35.0,6.0,2070756.857142857,5896684.0,1566169.0,35.11731096906087,26.56016500121085
2021-05-23,25.0,,,,,0.0,0.0,0.0,0.0,17.0,0.0,2091603.4285714286,5896684.0,1591294.0,35.47084138426663,26.9862519341379
2021-05-24,36.0,,,,,0.0,0.0,0.0,0.0,22.0,0.0,2112450.0,5896684.0,1616419.0,35.82437179947238,27.412338867064946
2021-05-25,30.0,,,,,0.0,0.0,0.0,0.0,13.0,0.0,2136550.5714285714,5896684.0,1637858.7142857143,36.23308577208091,27.77592820449111
2021-05-26,26.0,,,,,0.0,0.0,0.0,0.0,31.0,5.0,2160651.1428571427,5896684.0,1659298.4285714286,36.641799744689436,28.139517541917265
2021-05-27,24.0,,,,,0.0,0.0,0.0,0.0,12.0,0.0,2184751.714285714,5896684.0,1680738.142857143,37.05051371729796,28.503106879343427
2021-05-28,30.0,,,,,0.0,0.0,0.0,0.0,35.0,5.0,2208852.285714286,5896684.0,1702177.857142857,37.45922768990649,28.866696216769576
2021-05-29,33.0,,,,,0.0,0.0,0.0,0.0,16.0,0.0,2232952.8571428573,5896684.0,1723617.5714285714,37.86794166251502,29.23028555419574
2021-05-30,25.0,,,,,0.0,0.0,0.0,0.0,11.0,0.0,2257053.4285714286,5896684.0,1745057.2857142857,38.27665563512355,29.593874891621898
2021-05-31,23.0,,,,,0.0,0.0,0.0,0.0,25.0,2.0,2281154.0,5896684.0,1766497.0,38.68536960773207,29.957464229048053
2021-06-01,18.0,,,,,0.0,0.0,0.0,0.0,22.0,4.0,2312962.5714285714,5896684.0,1783890.7142857143,39.224801115823254,30.252438731424547
2021-06-02,31.0,,,,,0.0,0.0,0.0,0.0,42.0,11.0,2344771.1428571427,5896684.0,1801284.4285714286,39.76423262391444,30.54741323380104
2021-06-03,45.0,,,,,0.0,0.0,0.0,0.0,34.0,0.0,2376579.714285714,5896684.0,1818678.142857143,40.303664132005615,30.842387736177535
2021-06-04,13.0,,,,,0.0,0.0,0.0,0.0,23.0,10.0,2408388.285714286,5896684.0,1836071.857142857,40.843095640096806,31.137362238554022
2021-06-05,18.0,,,,,0.0,0.0,0.0,0.0,33.0,15.0,2440196.8571428573,5896684.0,1853465.5714285714,41.38252714818799,31.432336740930516
2021-06-06,20.0,,,,,0.0,0.0,0.0,0.0,22.0,2.0,2472005.4285714286,5896684.0,1870859.2857142857,41.921958656279166,31.72731124330701
2021-06-07,14.0,,,,,0.0,0.0,0.0,0.0,25.0,11.0,2503814.0,5896684.0,1888253.0,42.46139016437035,32.022285745683504
2021-06-08,9.0,,,,,0.0,0.0,0.0,0.0,42.0,33.0,2531904.285714286,5896684.0,1902922.5714285714,42.93776444039202,32.271062370453826
2021-06-09,4.0,,,,,0.0,0.0,0.0,0.0,38.0,34.0,2559994.5714285714,5896684.0,1917592.142857143,43.41413871641369,32.51983899522414
2021-06-10,13.0,,,,,0.0,0.0,0.0,0.0,25.0,12.0,2588084.8571428573,5896684.0,1932261.7142857143,43.89051299243537,32.76861561999446
2021-06-11,9.0,,,,,0.0,0.0,0.0,0.0,34.0,25.0,2616175.1428571427,5896684.0,1946931.2857142857,44.36688726845703,33.01739224476478
2021-06-12,18.0,,,,,0.0,0.0,0.0,0.0,39.0,21.0,2644265.4285714286,5896684.0,1961600.857142857,44.8432615444787,33.2661688695351
2021-06-13,13.0,,,,,0.0,0.0,0.0,0.0,31.0,18.0,2672355.714285714,5896684.0,1976270.4285714286,45.31963582050037,33.51494549430542
2021-06-14,25.0,,,,,0.0,0.0,0.0,0.0,25.0,0.0,2700446.0,5896684.0,1990940.0,45.796010096522046,33.76372211907574
2021-06-15,14.0,,,,,0.0,0.0,0.0,0.0,17.0,3.0,2739178.0,5896684.0,2000439.4285714286,46.45285384124366,33.92481992542637
2021-06-16,24.0,,,,,0.0,0.0,0.0,0.0,20.0,0.0,2777910.0,5896684.0,2009938.857142857,47.109697585965264,34.085917731776995
2021-06-17,27.0,,,,,0.0,0.0,0.0,0.0,29.0,2.0,2816642.0,5896684.0,2019438.2857142857,47.76654133068688,34.24701553812763
2021-06-18,16.0,,,,,0.0,0.0,0.0,0.0,27.0,11.0,2855374.0,5896684.0,2028937.7142857143,48.42338507540848,34.40811334447826
2021-06-19,21.0,,,,,0.0,0.0,0.0,0.0,36.0,15.0,2894106.0,5896684.0,2038437.142857143,49.080228820130095,34.569211150828885
2021-06-20,11.0,,,,,0.0,0.0,0.0,0.0,19.0,8.0,2932838.0,5896684.0,2047936.5714285714,49.7370725648517,34.73030895717952
2021-06-21,16.0,,,,,0.0,0.0,0.0,0.0,28.0,12.0,2971570.0,5896684.0,2057436.0,50.393916309573314,34.89140676353015
2021-06-22,18.0,,,,,0.0,0.0,0.0,0.0,28.0,10.0,3014432.8571428573,5896684.0,2062687.0,51.120813954806756,34.980456812676415
2021-06-23,22.0,,,,,0.0,0.0,0.0,0.0,15.0,0.0,3057295.714285714,5896684.0,2067938.0,51.84771160004019,35.06950686182268
2021-06-24,23.0,,,,,0.0,0.0,0.0,0.0,27.0,4.0,3100158.5714285714,5896684.0,2073189.0,52.57460924527364,35.15855691096895
2021-06-25,20.0,,,,,0.0,0.0,0.0,0.0,21.0,1.0,3143021.4285714286,5896684.0,2078440.0,53.30150689050708,35.24760696011521
2021-06-26,17.0,,,,,0.0,0.0,0.0,0.0,20.0,3.0,3185884.285714286,5896684.0,2083691.0,54.02840453574053,35.33665700926147
2021-06-27,14.0,,,,,0.0,0.0,0.0,0.0,14.0,0.0,3228747.1428571427,5896684.0,2088942.0,54.75530218097396,35.42570705840774
2021-06-28,9.0,,,,,0.0,0.0,0.0,0.0,17.0,8.0,3271610.0,5896684.0,2094193.0,55.48219982620741,35.514757107554004
2021-06-29,10.0,,,,,0.0,0.0,0.0,0.0,7.0,0.0,3310324.5,5896684.0,2101931.0,56.13874679396081,35.645983403553586
2021-06-30,16.0,,,,,0.0,0.0,0.0,0.0,9.0,0.0,3349039.0,5896684.0,2109669.0,56.79529376171422,35.777209699553175
2021-07-01,10.0,,,,,0.0,0.0,0.0,0.0,6.0,0.0,3387753.5,5896684.0,2117407.0,57.45184072946762,35.90843599555276
2021-07-02,10.0,,,,,0.0,0.0,0.0,0.0,16.0,6.0,3426468.0,5896684.0,2125145.0,58.10838769722101,36.03966229155234
2021-07-03,7.0,,,,,0.0,0.0,0.0,0.0,15.0,8.0,3550181.0,5896684.0,2156751.0,60.206397358244054,36.575658454819695
2021-07-04,11.0,,,,,0.0,0.0,0.0,0.0,21.0,10.0,3608688.0,5896684.0,2172015.0,61.19859907704058,36.83451580583257
2021-07-05,13.0,,,,,0.0,0.0,0.0,0.0,13.0,0.0,3670862.0,5896684.0,2187709.0,62.25298828968959,37.10066539092141
2021-07-06,10.0,,,,,0.0,0.0,0.0,0.0,14.0,4.0,3729907.0,5896684.0,2203272.0,63.25431378042303,37.36459338841966
2021-07-07,12.0,,,,,0.0,0.0,0.0,0.0,28.0,16.0,3784987.6666666665,5896684.0,2224839.6666666665,64.18840939529177,37.73035262982833
2021-07-08,16.0,,,,,0.0,0.0,0.0,0.0,22.0,6.0,3840068.3333333335,5896684.0,2246407.3333333335,65.12250501016051,38.09611187123701
2021-07-09,10.0,,,,,0.0,0.0,0.0,0.0,11.0,1.0,3895149.0,5896684.0,2267975.0,66.05660062502925,38.46187111264568
2021-07-10,6.0,,,,,0.0,0.0,0.0,0.0,23.0,17.0,3937702.3333333335,5896684.0,2301124.6666666665,66.77824915381821,39.02404583095629
2021-07-11,8.0,,,,,0.0,0.0,0.0,0.0,17.0,9.0,3980255.6666666665,5896684.0,2334274.3333333335,67.49989768260714,39.586220549266905
2021-07-12,26.0,,,,,0.0,0.0,0.0,0.0,18.0,0.0,4022809.0,5896684.0,2367424.0,68.2215462113961,40.148395267577506
2021-07-13,26.0,,,,,0.0,0.0,0.0,0.0,21.0,0.0,4052434.0,5896684.0,2420824.0,68.72394722186232,41.05398898770902
2021-07-14,60.0,,,,,0.0,0.0,0.0,0.0,14.0,0.0,4074400.6666666665,5896684.0,2483671.6666666665,69.09647297814612,42.119802700410375
2021-07-15,48.0,,,,,0.0,0.0,0.0,0.0,14.0,0.0,4096367.3333333335,5896684.0,2546519.3333333335,69.46899873442996,43.18561641311173
2021-07-16,61.0,,,,,0.0,0.0,0.0,0.0,17.0,0.0,4118334.0,5896684.0,2609367.0,69.84152449071377,44.25143012581309
2021-07-17,68.0,,,,,0.0,0.0,0.0,0.0,14.0,0.0,4136551.0,5896684.0,2676171.0,70.15046083527623,45.38433804490795
2021-07-18,92.0,,,,,0.0,0.0,0.0,0.0,14.0,0.0,4153143.0,5896684.0,2747489.0,70.43183931850511,46.59379746311656
2021-07-19,172.0,,,,,0.0,0.0,0.0,0.0,6.0,0.0,4164922.0,5896684.0,2792430.0,70.63159565613488,47.35593767615833
2021-07-20,195.0,,,,,0.0,0.0,0.0,0.0,11.0,0.0,4165024.0,5896684.0,2792667.0,70.63332544189242,47.35995688424206
2021-07-21,181.0,,,,,0.0,0.0,0.0,0.0,17.0,0.0,4183067.0,5896684.0,2845073.5,70.93931097545672,48.24870215192132
2021-07-22,170.0,,,,,0.0,0.0,0.0,0.0,16.0,0.0,4201110.0,5896684.0,2897480.0,71.245296509021,49.137447419600576
2021-07-23,133.0,,,,,0.0,0.0,0.0,0.0,11.0,0.0,4217627.0,5896684.0,2963275.0,71.52540309095757,50.253244026642776
2021-07-24,130.0,,,,,0.0,0.0,0.0,0.0,8.0,0.0,4230379.0,5896684.0,3020766.0,71.74166022801968,51.228215722599344
2021-07-25,125.0,,,,,0.0,0.0,0.0,0.0,10.0,0.0,4242505.0,5896684.0,3070092.0,71.9473012289619,52.064719764532065
2021-07-26,135.0,,,,,0.0,0.0,0.0,0.0,12.0,0.0,4254789.0,5896684.0,3122180.0,72.15562170195994,52.94806369138995
2021-07-27,139.0,,,,,0.0,0.0,0.0,0.0,20.0,0.0,4267577.0,5896684.0,3158737.0,72.37248935164237,53.56802229863429
2021-07-28,136.0,,,,,0.0,0.0,0.0,0.0,26.0,0.0,4278927.5,5896684.0,3210170.0,72.56497889322202,54.44025828753924
2021-07-29,133.0,,,,,0.0,0.0,0.0,0.0,16.0,0.0,4290278.0,5896684.0,3261603.0,72.75746843480167,55.31249427644418
2021-07-30,139.0,,,,,0.0,0.0,0.0,0.0,54.0,0.0,4299667.0,5896684.0,3327272.0,72.91669351791617,56.42615408931528
2021-07-31,120.0,,,,,0.0,0.0,0.0,0.0,130.0,10.0,4307602.0,5896684.0,3391799.0,73.05126067464359,57.52044708517533
2021-08-01,121.0,,,,,0.0,0.0,0.0,0.0,94.0,0.0,4313182.0,5896684.0,3448193.0,73.14589013079215,58.47681510489624
2021-08-02,111.0,,,,,0.0,0.0,0.0,0.0,76.0,0.0,4321223.0,5896684.0,3505975.0,73.28225490801272,59.45672177786702
2021-08-03,102.0,,,,,0.0,0.0,0.0,0.0,219.0,117.0,4329956.0,5896684.0,3561452.0,73.4303550944904,60.39753868445384
2021-08-04,95.0,,,,,0.0,0.0,0.0,0.0,105.0,10.0,4337397.0,5896684.0,3618488.0,73.55654466137239,61.364794179237
2021-08-05,98.0,,,,,0.0,0.0,0.0,0.0,100.0,2.0,4344469.0,5896684.0,3681645.0,73.67647647389617,62.435853778157345
2021-08-06,97.0,,,,,0.0,0.0,0.0,0.0,79.0,0.0,4351541.0,5896684.0,3744802.0,73.79640828641996,63.50691337707769
2021-08-07,81.0,,,,,0.0,0.0,0.0,0.0,122.0,41.0,4359495.0,5896684.0,3807652.0,73.93129765814143,64.57276666004147
2021-08-08,78.0,,,,,0.0,0.0,0.0,0.0,200.0,122.0,4367061.0,5896684.0,3862510.0,74.05960706051063,65.50308614129568
2021-08-09,72.0,,,,,0.0,0.0,0.0,0.0,204.0,132.0,4373550.0,5896684.0,3897650.0,74.1696519603221,66.09901429345713
2021-08-10,0.0,,,,,0.0,0.0,0.0,,90.0,36.0,4419793.5,5896684.0,3945290.5,74.9538808591405,66.90693447368045
2021-08-11,117.0,,,,,0.0,0.0,0.0,0.0,141.0,78.0,4466037.0,5896684.0,3992931.0,75.73810975795888,67.71485465390379
2021-08-12,59.0,,,,,0.0,0.0,0.0,0.0,87.0,28.0,4485559.0,5896684.0,4071978.0,76.0691771850077,69.0553877399569
2021-08-13,49.0,,,,,0.0,0.0,0.0,0.0,157.0,108.0,4496703.5,5896684.0,4120504.0,76.25817323770444,69.87832483477155
2021-08-14,58.0,,,,,0.0,0.0,0.0,0.0,132.0,74.0,4507848.0,5896684.0,4169030.0,76.44716929040118,70.7012619295862
2021-08-15,53.0,,,,,0.0,0.0,0.0,0.0,123.0,70.0,4514974.6,5896684.0,4188511.8,76.56802704706577,71.03164761754232
2021-08-16,53.0,,,,,0.0,0.0,0.0,0.0,110.0,57.0,4522101.2,5896684.0,4207993.6,76.68888480373037,71.36203330549847
2021-08-17,56.0,,,,,0.0,0.0,0.0,0.0,160.0,104.0,4529227.8,5896684.0,4227475.4,76.80974256039495,71.69241899345464
2021-08-18,53.0,,,,,0.0,0.0,0.0,0.0,90.0,37.0,4536354.4,5896684.0,4246957.2,76.93060031705956,72.02280468141078
2021-08-19,32.0,,,,,0.0,0.0,0.0,0.0,90.0,58.0,4543481.0,5896684.0,4266439.0,77.05145807372415,72.35319036936691
2021-08-20,40.0,,,,,0.0,0.0,0.0,0.0,160.0,120.0,4551878.0,5896684.0,4329835.0,77.19386014241223,73.42830309373879
2021-08-21,37.0,,,,,0.0,0.0,0.0,0.0,126.0,89.0,4559744.0,5896684.0,4337317.0,77.32725714995073,73.55518796666058
2021-08-22,35.0,,,,,0.0,0.0,0.0,0.0,73.0,38.0,4562947.0,5896684.0,4340364.0,77.38157581447472,73.60686107649656
2021-08-23,98.0,,,,,0.0,0.0,0.0,0.0,99.0,1.0,4567396.0,5896684.0,4344596.0,77.4570249991351,73.67863022675117
2021-08-24,116.0,,,,,0.0,0.0,0.0,0.0,72.0,0.0,4571609.0,5896684.0,4348604.0,77.52847193439567,73.74660063181273
2021-08-25,120.0,,,,,0.0,0.0,0.0,0.0,53.0,0.0,4576105.0,5896684.0,4355570.0,77.60471817719925,73.86473482384336
2021-08-26,116.0,,,,,0.0,0.0,0.0,0.0,84.0,0.0,4580071.0,5896684.0,4359345.0,77.6719763175371,73.92875385555678
2021-08-27,0.0,,,,,0.0,0.0,0.0,,59.0,0.0,4585919.0,5896684.0,4364911.0,77.77115070097024,74.02314589013079
2021-08-28,243.0,,,,,0.0,0.0,0.0,0.0,54.0,0.0,4590629.0,5896684.0,4424703.0,77.8510261021279,75.03713951773572
2021-08-29,0.0,,,,,0.0,0.0,0.0,,70.0,0.0,4593269.0,5896684.0,4427247.0,77.89579702761755,75.08028240957121
2021-08-30,288.0,,,,,0.0,0.0,0.0,0.0,40.0,0.0,4597435.0,5896684.0,4431263.0,77.96644690473494,75.14838848410395
2021-08-31,161.0,,,,,0.0,0.0,0.0,0.0,42.0,0.0,4601255.0,5896684.0,4434945.0,78.03122907722374,75.21083035821489
2021-09-01,180.0,,,,,0.0,0.0,0.0,0.0,48.0,0.0,4604828.0,5896684.0,4438388.0,78.09182245478985,75.2692191068743
2021-09-02,191.0,,,,,0.0,0.0,0.0,0.0,90.0,0.0,4608483.0,5896684.0,4441911.0,78.15380644443555,75.32896455024553
2021-09-03,219.0,,,,,0.0,0.0,0.0,0.0,56.0,0.0,4612131.0,5896684.0,4445649.111111111,78.21567172329398,75.39235799495295
2021-09-04,259.0,,,,,0.0,0.0,0.0,0.0,144.0,0.0,4615779.0,5896684.0,4449387.222222222,78.2775370021524,75.45575143966036
2021-09-05,191.0,,,,,0.0,0.0,0.0,0.0,88.0,0.0,4619427.0,5896684.0,4453125.333333333,78.33940228101082,75.51914488436778
2021-09-06,241.0,,,,,0.0,0.0,0.0,0.0,119.0,0.0,4623075.0,5896684.0,4456863.444444444,78.40126755986924,75.58253832907519
2021-09-07,332.0,,,,,0.0,0.0,0.0,0.0,148.0,0.0,4626723.0,5896684.0,4460601.555555556,78.46313283872767,75.64593177378262
2021-09-08,349.0,,,,,0.0,0.0,0.0,0.0,345.0,0.0,4630371.0,5896684.0,4464339.666666667,78.52499811758608,75.70932521849004
2021-09-09,457.0,,,,,0.0,0.0,0.0,0.0,221.0,0.0,4634019.0,5896684.0,4468077.777777778,78.5868633964445,75.77271866319745
2021-09-10,573.0,,,,,0.0,0.0,0.0,0.0,334.0,0.0,4637667.0,5896684.0,4471815.888888889,78.64872867530293,75.83611210790487
2021-09-11,555.0,,,,,0.0,0.0,0.0,0.0,221.0,0.0,4641315.0,5896684.0,4475554.0,78.71059395416135,75.89950555261228
2021-09-12,520.0,,,,,0.0,0.0,0.0,0.0,200.0,0.0,4642991.0,5896684.0,4477170.0,78.73901670837373,75.9269107857908
2021-09-13,607.0,,,,,0.0,0.0,0.0,0.0,247.0,0.0,4645522.0,5896684.0,4479610.0,78.78193913731853,75.96828997450092
2021-09-14,837.0,,,,,0.0,0.0,0.0,0.0,165.0,0.0,4648305.0,5896684.0,4482294.0,78.82913515460554,76.01380708208207
2021-09-15,807.0,,,,,0.0,0.0,0.0,0.0,277.0,0.0,4651489.0,5896684.0,4485264.181818182,78.88313160413549,76.06417745665499
2021-09-16,910.0,,,,,0.0,0.0,0.0,0.0,374.0,0.0,4654992.0,5896684.0,4488234.363636363,78.94253787382874,76.11454783122791
2021-09-17,935.0,,,,,0.0,0.0,0.0,0.0,363.0,0.0,4658907.0,5896684.0,4491204.545454546,79.00893112128783,76.16491820580084
2021-09-18,1009.0,,,,,0.0,0.0,0.0,0.0,510.0,0.0,4661576.0,5896684.0,4494174.7272727275,79.05419384861051,76.21528858037378
2021-09-19,1012.0,,,,,0.0,0.0,0.0,0.0,476.0,0.0,4662940.0,5896684.0,4497144.909090909,79.07732549344682,76.2656589549467
2021-09-20,917.0,,,,,0.0,0.0,0.0,0.0,487.0,0.0,4665829.0,5896684.0,4500115.090909091,79.12631913122698,76.31602932951962
2021-09-21,1178.0,,,,,0.0,0.0,0.0,0.0,541.0,0.0,4669197.0,5896684.0,4503085.2727272725,79.18343597859408,76.36639970409254
2021-09-22,1457.0,,,,,0.0,0.0,0.0,0.0,462.0,0.0,4671857.0,5896684.0,4506055.454545454,79.22854607776168,76.41677007866546
2021-09-23,1504.0,2.0,934.0,23.0,163.0,0.0,0.0,0.0,0.0,321.0,0.0,4674211.0,5896684.0,4509025.636363637,79.2684668196566,76.46714045323841
2021-09-24,1650.0,6.0,907.0,23.0,162.0,0.0,0.0,0.0,0.0,984.0,0.0,4677703.0,5896684.0,4511995.818181818,79.327686543827,76.51751082781134
2021-09-25,1443.0,3.0,950.0,27.0,165.0,43.0,4.0,3.0,0.49,740.0,0.0,4680148.0,5896684.0,4514966.0,79.36915052595663,76.56788120238426
2021-09-26,1939.0,,1001.0,30.0,172.0,51.0,3.0,7.0,0.52,517.0,0.0,4681517.0,5896684.0,4516287.0,79.39236696421243,76.59028362381297
2021-09-27,1647.0,3.0,1067.0,27.0,194.0,66.0,0.0,22.0,1.34,524.0,0.0,4687003.0,5896684.0,4521579.5,79.48540230407463,76.68003745834099
2021-09-28,2236.0,4.0,1086.0,30.0,209.0,19.0,3.0,15.0,0.81,1045.0,0.0,4692489.0,5896684.0,4526872.0,79.57843764393682,76.769791292869
2021-09-29,2268.0,9.0,1104.0,34.0,197.0,18.0,4.0,0.0,0.18,1086.0,0.0,4693813.0,5896684.0,4528149.0,79.60089094141725,76.79144753220623
2021-09-30,2478.0,6.0,1122.0,34.0,204.0,18.0,0.0,7.0,0.28,867.0,0.0,4695781.0,5896684.0,4530048.0,79.63426563132771,76.82365207292777
2021-10-01,2909.0,6.0,1100.0,34.0,222.0,0.0,0.0,18.0,0.62,950.0,0.0,4697603.0,5896684.0,4531805.0,79.66516435338913,76.85344848053583
2021-10-02,2356.0,6.0,1147.0,31.0,243.0,47.0,0.0,21.0,0.89,1603.0,0.0,4698535.0,5896684.0,4532704.0,79.68096984678168,76.86869433735978
2021-10-03,2057.0,5.0,1052.0,34.0,250.0,0.0,3.0,7.0,0.49,1199.0,0.0,4699026.0,5896684.0,4533178.0,79.6892965605754,76.87673275352724
2021-10-04,2475.0,10.0,1093.0,35.0,226.0,41.0,1.0,0.0,0.04,2540.0,65.0,4700524.0,5896684.0,4589923.0,79.714700669054,77.83905327129621
2021-10-05,3486.0,3.0,1230.0,34.0,247.0,137.0,0.0,21.0,0.6,1745.0,0.0,4702719.0,5896684.0,4592067.0,79.75192498020922,77.87541268957264
2021-10-06,3577.0,6.0,1228.0,37.0,255.0,0.0,3.0,8.0,0.31,2899.0,0.0,4704285.0,5896684.0,4593596.0,79.77848227919286,77.90134251725208
2021-10-07,3483.0,2.0,1197.0,40.0,297.0,0.0,3.0,42.0,1.29,3445.0,0.0,4707177.0,5896684.0,4596420.0,79.82752679302469,77.94923384057888
2021-10-08,3590.0,8.0,1216.0,41.0,307.0,19.0,1.0,10.0,0.31,2454.0,0.0,4711200.0,5896684.0,4600348.0,79.89575157834471,78.01584755092861
2021-10-09,3703.0,13.0,1227.0,40.0,302.0,11.0,0.0,0.0,0.0,3019.0,0.0,4714069.0,5896684.0,4603150.0,79.9444060424469,78.06336578320968
2021-10-10,2809.0,9.0,1280.0,41.0,292.0,53.0,1.0,0.0,0.04,2469.0,0.0,4716546.0,5896684.0,4605568.0,79.98641270246125,78.10437188087407
2021-10-11,2263.0,11.0,1348.0,42.0,308.0,68.0,1.0,16.0,0.75,2249.0,0.0,4720530.0,5896684.0,4609459.0,80.05397609910926,78.1703581199196
2021-10-12,2976.0,11.0,1286.0,42.0,291.0,0.0,0.0,0.0,0.0,2110.0,0.0,4724247.0,5896684.0,4668668.0,80.11701152715662,79.17446483481224
2021-10-13,3190.0,10.0,1161.0,46.0,300.0,0.0,4.0,9.0,0.41,3215.0,25.0,4727310.0,5896684.0,4671695.0,80.16895597593495,79.22579877097026
2021-10-14,2932.0,14.0,1155.0,46.0,310.0,0.0,0.0,10.0,0.34,3427.0,495.0,4730374.0,5896684.0,4674723.0,80.22091738339718,79.27714966581217
2021-10-15,3445.0,6.0,1223.0,48.0,322.0,68.0,2.0,12.0,0.41,3284.0,0.0,4733819.0,5896684.0,4678127.0,80.27934004942439,79.33487702579959
2021-10-16,3348.0,9.0,1092.0,62.0,310.0,0.0,14.0,0.0,0.42,3429.0,81.0,4736518.0,5896684.0,4680794.0,80.325111537264,79.38010583575446
2021-10-17,3058.0,7.0,1258.0,66.0,327.0,166.0,4.0,17.0,0.69,3754.0,696.0,4738426.0,5896684.0,4682680.0,80.3574687061406,79.41208991358533
2021-10-18,2553.0,9.0,1310.0,67.0,337.0,52.0,1.0,10.0,0.43,3071.0,518.0,4741030.0,5896684.0,4685253.0,80.40162911900994,79.45572460725384
2021-10-19,3994.0,14.0,1329.0,71.0,338.0,19.0,4.0,1.0,0.13,,,4742997.0,5896684.0,4687197.0,80.4349868502365,79.48869228875076
2021-10-20,3862.0,4.0,1314.0,67.0,337.0,0.0,0.0,0.0,0.0,,,4742997.0,5896684.0,4687197.0,80.4349868502365,79.48869228875076
